title,artist,year,spotify
Mr. Brightside,The Killers,2004,003vvx7Niy0yvhvHt4a68B
Teenage Dirtbag,Wheatus,1999,25FTMokYEbEWHEdss5JLZS
Don't Stop Believin',Journey,1981,5RKQ5NdjSh2QzD4MaunT91
Paradise City,Guns N' Roses,1987,6eN1f9KNmiWEhpE2RhQqB5
Bitter Sweet Symphony,The Verve,1997,57iDDD9N9tTWe75x6qhStw
Livin' On A Prayer,Bon Jovi,1986,0ee1DiZF94NSqqpG0XHUzH
Highway to Hell,AC/DC,1979,2zYzyRzz6pRmhPzyfMEC8s
Tubthumping,Chumbawamba,1997,5YScXJKtefsgdskIy60N7A
"Love Is All Around - From ""Four Weddings And A Funeral""",Wet Wet Wet,1995,0PCGfA36HrVPmsBZJ57zOU
Wonderwall,Oasis,1995,7ygpwy2qP3NbrxVkHvUhXY
I'll Be Missing You,Diddy & 112 & Faith Evans,2022,25tsnA5lDP4UctAQOoa8Ks
Cigarettes & Alcohol,Oasis,1994,5adjc9rGazKvYcyEHNtoz1
Don't Look Back In Anger,Oasis,1995,12dU3vAh6AFoJkisorfoUl
Champagne Supernova,Oasis,1995,2A7GGXmTlXuH9LOvBXgOX4
Dancing in the Moonlight,Toploader,2000,3Fzlg5r1IjhLk2qRw667od
Dog Days Are Over,Florence + The Machine,2009,456WNXWhDwYOSf5SpTuqxd
Clocks,Coldplay,2002,0BCPKOYdS2jbQ8iyB56Zns
Somewhere Only We Know,Keane,2004,1SKPmfSYaPsETbRHaiA18G
Kids,MGMT,2007,1jJci4qxiYcOHhQR247rEU
Fuck You,CeeLo Green,2010,3ydfhgIZIc2j39NLIhpJpq
Ms. Jackson,Outkast,2000,0I3q5fE6wg7LIfHGngUTnV
Walking On A Dream,Empire Of The Sun,2008,5r5cp9IpziiIsR6b93vcnQ
Young Folks,Peter Bjorn and John,2006,4dyx5SzxPPaD8xQIid5Wjj
With Or Without You,U2,1987,5JGEAz15LkPoOtFHttDtVs
Basket Case,Green Day,1994,6L89mwZXSOwYl76YXfX13s
Hey Ya!,Outkast,2003,2PpruBYCo4H7WOBJ7Q2EwM
Feel Good Inc.,Gorillaz & De La Soul,2005,0d28khcov6AiegSCpG5TuT
Under the Bridge,Red Hot Chili Peppers,1991,3d9DChrdc6BOeFsbrZ3Is0
Snow (Hey Oh),Red Hot Chili Peppers,2006,2aibwv5hGXSgw7Yru8IYTO
Everybody Wants To Rule The World,Tears For Fears,1985,2YiCMmONQcoMPX2bV1LxE0
Dreams,Fleetwood Mac,1977,0ofHAoxe9vBkTCp2UQIavz
We Didn't Start the Fire,Billy Joel,1989,3Cx4yrFaX8CeHwBMReOWXI
Another One Bites The Dust,Queen,1980,5vdp5UmvTsnMEMESIF2Ym7
Celebration - Single Version,Kool & The Gang,1980,0CUEc6T65lrU6rVW3HVYsl
Sex on Fire,Kings of Leon,2008,0ntQJM78wzOLVeCUAW7Y45
Brother Louie,Modern Talking,1986,5zWZ9iNevP0397xB3jWV2z
You Give Love A Bad Name,Bon Jovi,1986,0rmGAIH9LNJewFw7nKzZnc
September,"Earth, Wind & Fire",1978,3kXoKlD84c6OmIcOLfrfEs
Lovefool,The Cardigans,1996,7aQjPecQdIuNd1sz3KCDhD
The Kids Aren't Alright,The Offspring,1998,4EchqUKQ3qAQuRNKmeIpnf
Creep,Radiohead,1993,70LcF31zb1H0PyJoS1Sx1r
Get Lucky (feat. Pharrell Williams and Nile Rodgers),Daft Punk & Pharrell Williams & Nile Rodgers,2013,66xHyI6ITToQPm7PdOzIyn
Are You Gonna Be My Girl,Jet,2003,305WCRhhS10XUcH6AEwZk6
November Rain,Guns N' Roses,1991,3YRCqOhFifThpSRFJ1VWFM
Enter Sandman,Metallica,2021,3DwQ7AH3xGD9h65ezslm6q
Thunderstruck,AC/DC,1990,57bgtoPSgt236HzfBOd8kj
My Favourite Game,The Cardigans,1998,0Ui05Ov0s4PnRc4JI3Pilg
Blinding Lights,The Weeknd,2020,0VjIjW4GlUZAMYd2vXMi3b
Hells Bells,AC/DC,1980,69QHm3pustz01CJRwdo20z
Style,Taylor Swift,2014,0ug5NqcwcFR2xrfTkc7k8e
Numb,Linkin Park,2003,2nLtzopw4rPReszdYBJU6h
Espresso Macchiato,Tommy Cash,2024,4zpNfuWJA3K4d9TS4qnOIB
Delulu,Lilla Al-Fadji,2026,30xAneAHxuzOE7MPZ1mssU
My System,FELICIA,2026,1XmLPHkuv95o5NUodggzfv
Smells Like Teen Spirit,Nirvana,1991,4CeeEOM32jQcH3eN9Q2dGj
It's Raining Men,The Weather Girls,2010,5TgD3Wh5ZUZnUU4tmVvJbx
Just Dance,Lady Gaga & Colby O'Donis,2008,1dzQoRqT5ucxXVaAhTcT0J
Closer,The Chainsmokers & Halsey,2016,7BKLCZ1jbUBVqRi2FVlTVw
Something Just Like This,The Chainsmokers & Coldplay,2017,6RUKPb4LETWmmr3iAEQktW
Shake It Off,Taylor Swift,2014,0cqRj7pUJDkTCEsJkx8snD
Sorry,Justin Bieber,2015,09CtPGIpYB4BrO8qb1RGsF
Somebody That I Used To Know,Gotye & Kimbra,2011,7xcZ0LbcUxLcZ3VzN1wIWS
Love Yourself,Justin Bieber,2015,50kpGaPAhYJ3sGmk6vplg0
The Lazy Song,Bruno Mars,2010,386RUes7n1uM1yfzgeUuwp
Call Me Maybe,Carly Rae Jepsen,2012,20I6sIOMTCkB6w7ryavxtO
Just the Way You Are,Bruno Mars,2010,7BqBn9nzAq8spo5e7cZ0dJ
TiK ToK,Kesha,2010,0HPD5WQqrq7wPWR7P7Dw1i
Hello,Adele,2015,1Yk0cQdMLx5RzzFTYwmuld
Billie Jean,Michael Jackson,2008,5ChkMS8OtdzJeqyybCc9R5
See You Again (feat. Charlie Puth),Wiz Khalifa & Charlie Puth,2015,2JzZzZUQj3Qff7wapcbKjc
Starboy,The Weeknd & Daft Punk,2016,7MXVkk9YMctZqd1Srtv4MB
Still D.R.E.,Dr. Dre & Snoop Dogg,1999,503OTo2dSqe7qk76rgsbep
Empire State Of Mind,JAŸ-Z & Alicia Keys,2009,2igwFfvr1OAGX9SKDCPBwO
Can't Hold Us (feat. Ray Dalton),Macklemore & Ryan Lewis & Macklemore & Ryan Lewis & Ray Dalton,2012,3bidbhpOYeV4knp8AIu8Xn
Rock DJ,Robbie Williams,2013,7oQSevUCbYs4QawXTHQVV1
In Da Club,50 Cent,2003,7iL6o9tox1zgHpKUfh9vuC
Sweet Home Alabama,Lynyrd Skynyrd,1974,6RgGppm2SSX5p246UqfdEi
"Young, Wild & Free (feat. Bruno Mars)",Snoop Dogg & Wiz Khalifa & Bruno Mars,2011,5HQVUIKwCEXpe7JIHyY734
A Sky Full of Stars,Coldplay,2014,0FDzzruyVECATHXKHFs9eJ
Run To You,Bryan Adams,1984,2RWFncSWZEhSRRifqiDNVV
Hey Ya!,Outkast,2003,3AszgPDZd9q0DpDFt4HFBy
Seven Nation Army,The White Stripes,2003,3dPQuX8Gs42Y7b454ybpMR
Zombie,The Cranberries,1994,3gjHnylel3PTRpjS44ocqr
Counting Stars,OneRepublic,2014,6sy3LkhNFjJWlaeSMNwQ62
Pumped Up Kicks,Foster The People,2011,7w87IxuO7BDcJ3YUqCyMTT
In the End,Linkin Park,2000,60a0Rd6pjrkxjPbaKzXjfq
Bohemian Rhapsody,Queen,1975,4u7EnebtmKWzUH433cf5Qv
The Final Countdown,Europe,1986,3MrRksHupTVEQ7YbA0FsZK
Without Me,Eminem,2002,7lQ8MOhq6IN2w8EYcFNSUk
Take Me To Church,Hozier,2014,7dS5EaCoMnN7DzlpT6aRn2
Summer,Calvin Harris,2014,6YUTL4dYpB9xZO5qExPf05
Dancing Queen,ABBA,1976,0GjEhVFGZW8afUYGChu3Rr
Hotel California,Eagles,1976,40riOy7x9W7GXjyGp4pjAv
Sultans Of Swing,Dire Straits,1978,37Tmv4NnfQeb0ZgUC4fOJj
Billie Jean,Michael Jackson,1982,7J1uxwnxfQLu4APicE5Rnj
Every Breath You Take,The Police,1983,1JSTJqkT5qHq8MDJnJbRE1
Fast Car,Tracy Chapman,1988,2M9ro2krNb7nr7HSprkEgo
I Want It That Way,Backstreet Boys,1999,47BBI51FKFwOMlIiX6m8ya
No Scrubs,TLC,1999,1KGi9sZVMeszgZOWivFpxs
Viva La Vida,Coldplay,2008,1mea3bSkSGXuIRvnydlB5b
Hips Don't Lie (feat. Wyclef Jean),Shakira & Wyclef Jean,2005,3d0WouFnFmr0K3kjeza3fF
Lush Life,Zara Larsson,2017,1rIKgCH4H52lrvDcz50hS8
Riptide,Vance Joy,2014,2uXlHCUbq9OMUwx3hrk06o
Give Me Everything (feat. Nayer),Pitbull & AFROJACK & Ne-Yo & Nayer,2011,4QNpBfC0zvjKqPJcyqBy9W
The Less I Know The Better,Tame Impala,2015,6K4t31amVTZDgR3sKmwUJJ
Only You,Yazoo,1982,4GNilkZKILsug3l5pdLoxo
She Drives Me Crazy,Fine Young Cannibals,1988,4d6eqRtpDX7tydHJGDZUBQ
All I See Is You,Shane Smith & the Saints,2015,46fHLVEQBcyC8VjnmdDF3q
Rich Girl,Daryl Hall & John Oates,1976,0qRR9d89hIS0MHRkQ0ejxX
Don't Dream It's Over,Crowded House,1986,56GbZVwxMdf1DENCluYS8A
Kingston Town,UB40,1989,1YnVYHXoak0syv4xBRHQRb
Karma Chameleon,Culture Club,1983,3XDeeP9wBZzGhIPZmLfEEx
Angry,The Rolling Stones,2023,0daHbdrLvUmkh81rnolMcG
Come Together,The Beatles,1969,2EqlS6tkEnglzr7tkKAAYD
Inga blommor växer på en sjömans grav,Stefan Borsch,1986,6qJXG5jwbRAo8RcS724Oba
Our House,Madness,1982,1EXrFPfVNVsyb32yapebbM
"Hva' Gør Vi Nu, Lille Du?",Gasolin',1980,0OG78XRT8APWy1PWh4QBeH
Cum on Feel the Noize,Quiet Riot,1983,3vV3cr2TpPqFk07zxYUbla
"Turandot, Act III: Nessun dorma!",Giacomo Puccini & Luciano Pavarotti & John Alldis Choir & Wandsworth School Boys Choir & London Philharmonic Orchestra & Zubin Mehta,2020,4RqW6FZXZLUrndtWNaMGAf
Can't Take My Eyes off You,Frankie Valli,1967,6ft9PAgNOjmZ2kFVP7LGqb
I Got a Name - Stereo Version,Jim Croce,1973,38llcrfX1arUqrEe0DRRzW
White Walls (feat. ScHoolboy Q & Hollis),Macklemore & Ryan Lewis & Macklemore & Ryan Lewis & Hollis & ScHoolboy Q,2012,1o1Pny4JcE3LdUBeBedbm6
Dansa Bonne dansa,Panda Da Panda,2013,5odZrRY5d9ZxNhM1GTqLIv
Like a Rolling Stone,Bob Dylan,1965,3AhXZa8sUQht0UEdBJgpGc
Swimming Pools (Drank),Kendrick Lamar,2012,6REbwUNlppTfcnV4d4ZoZi
Mo Money Mo Problems (feat. Puff Daddy & Mase),The Notorious B.I.G. & Mase & Diddy,1997,4INDiWSKvqSKDEu7mh8HFz
The botten is nådd,Timbuktu,2003,0JDp7p99FSja52T0YBLupR
Krossa alla fönster,Maskinen,2012,1h0IankTmrrWL66wtIy8Qs
Flickan i en Cole Porter-sång,Gyllene Tider,1982,0pjjh1qWnHUSZ2hRDxI5AR
Heaven Takes You Home (feat. Connie Constance),Swedish House Mafia & Connie Constance,2022,3nEHrvNNtgLv9rneTAYVr4
Starting Over,Chris Stapleton,2020,3K07bGe8iljQ3mOKArHLDo
Over Now (with The Weeknd),Calvin Harris & The Weeknd,2020,58AGoOGbwsQMhBbH0eFLRR
Ho Hey,The Lumineers,2012,0DwClY2t9YAWHBROMIgrXb
Undressed,Kim Cesarion,2014,0jQvysmjtBMRNjmHLe3gZK
We Are Young (feat. Janelle Monáe),fun. & Janelle Monáe,2012,5rgy6ghBq1eRApCkeUdJXf
Sweet Child O' Mine,Guns N' Roses,1987,7snQQk1zcKl8gZ92AnueZW
Iris,The Goo Goo Dolls,1998,6Qyc6fS4DsZjB2mRW9DsQs
I Was Made For Lovin' You,KISS,1979,07q0QVgO56EorrSGHC48y3
"10,000 Hours (with Justin Bieber)",Dan + Shay & Justin Bieber,2019,2wrJq5XKLnmhRXHIAf9xBa
undressed,sombr,2025,0TFTAtCYhp2tQ9KcJIZb55
12 to 12,sombr,2025,05od2qm2MTSKCHxy1GBp5W
back to friends,sombr,2025,7qjZnBKE73H4Oxkopwulqe
So Easy (To Fall In Love),Olivia Dean,2025,6sGIMrtIzQjdzNndVxe397
Cruel Summer,Taylor Swift,2019,1BxfuPKGuaTgP7aM0Bbdwr
vampire,Olivia Rodrigo,2023,1kuGVB7EU95pJObxwvfwKS
Here Comes The Sun,The Beatles,1969,6dGnYIeXmHdcikdzNNDMm2
Amarillo By Morning,George Strait,1982,4TnUKixNWMfajncgdSwFoi
This Love,Maroon 5,2002,6ECp64rv50XVz93WvxXMGF
Safe and Sound,Capital Cities,2013,5JVbvCHX10U2pLa5DEqGav
I Gotta Feeling,Black Eyed Peas,2009,4kLLWz7srcuLKA7Et40PQR
"Feels (feat. Pharrell Williams, Katy Perry & Big Sean)",Calvin Harris & Pharrell Williams & Katy Perry & Big Sean & Funk Wav,2017,5bcTCxgc7xVfSaMV3RuVke
Addicted To You,Avicii,2013,4eDYMhIin1pSLIG96f1aD0
Rock This Party (Everybody Dance Now),Bob Sinclar & Cutee B. & DollarMan & Big Ali & Makedah,2006,5qiIxojpo8YTFgOOcDuOaB
RIKERUD,Soppgirobygget,2024,2PYZBeiZ6ofXQR0Ql7BuGS
"Hey, Soul Sister",Train,2009,4HlFJV71xXKIGcU3kRyttv
(I Just) Died In Your Arms,Cutting Crew,1986,4ByEFOBuLXpCqvO1kw8Wdm
Father Figure,George Michael,1998,6eL7t6s1AL4l982wfAU8pv
Take on Me,a-ha,1985,2WfaOiMkCvy7F5fcp2zZ8L
Var ska vi sova inatt,Perikles,1993,454J9ZekfjmjWbfcpFaur3
Laugh 'n' a 1/2 - 2009,D-A-D,1991,1mLiW0DfcGvUZqaNZo4jPd
Finns inga ord,Darin,2019,3fTz3yNDvcigAJXY9yvKSm
Anyone Out There (feat. Roberto Romboni),Melodie MC & Roberto Romboni,1995,7dk8mISM0bvL4capgFJOZv
Boot Scootin' Boogie,Brooks & Dunn,2009,7Fq9RwQxSn3kW85PrDUf0M
Ta mig tillbaka,Darin,2015,6qjYBkoKcMRjQkVfwDU2Te
Fly on the Wings of Love,Brødrene Olsen,2000,4v2RaPHSsTvNkggw3RqyeT
Jag ger dig min morgon,Fred Åkerström,1972,7nBARurNPIRVcf81uOFz3i
Für Elise,Ludwig van Beethoven,1810,1DfGPEHxTYeaJpiNA4xUb5
Mimosa,Darin,2025,00oneQN4fZEl3tbhiNMExE
No Matter What,Boyzone,1998,5KVPav34JaKkXwBTJHnPgo
Stumblin' In,Chris Norman & Suzi Quatro,1978,2Pzhx26KqgTTKnko0uC7F7
When You're Here,Albin Lee Meldau,2024,5ftNproOYVFvHWNUq5sy6F
World of Our Own,Westlife,2001,4SAHTVRe6EBhgAOWl49yPf
Eloise,Arvingarna,1993,4QZ6hp2CKRaZG5RI9zXQqg
Livin' la Vida Loca,Ricky Martin,1999,0Ph6L4l8dYUuXFmb71Ajnd
Barbie Girl,Aqua,1997,5ZrDlcxIDZyjOzHdYW1ydr
Rhythm Is Dancer,Thea Austin SNAP!,2013,41oSR806hPxWEg3PK7dfnB
Moonlight Shadow,Mike Oldfield,1983,4WpmwEdc4RBos8W8icSSxW
Back for Good - Radio Mix,Take That,1995,6vcdzohhBSbNdsZBh5IRpQ
Glory of Love,Peter Cetera,1986,1eyq8cjUQ2daFthW2PC2GM
Bailando,Paradisio,1997,6PwbVXIomkvk4YcafiOc6i
Wind Of Change,Scorpions,1990,6wjSNO6uJYlgbbfauyWhiw
"I Don't Want to Miss a Thing - From ""Armageddon"" Soundtrack",Aerosmith,1998,225xvV8r1yKMHErSWivnow
Broken Wings,Mr. Mister,1998,5l3zkjO2Ag05TTqpbGQ9qP
Euphoria - Single Version,Loreen,2013,4xoR9WY2Y9nGHLxIzQ465L
Högt över havet,Arja Saijonmaa,2013,1bjNeIeyg6jRxflHn0PBTb
Habibi,Dolly Style,2019,2iEvhos1CqeU0vurqLCWaZ
Genom Eld & Vatten,Sarek,2003,4wLWZx74WHOosQq5p8VVkL
Dansa Pausa,Panetoz,2012,2gNAGt7gUiMkagkhIiDLPm
Run Runaway,Slade,1984,1QtbriRMIa1eSgaP6Z6C1D
Vi Drar Till Fjällen,Markoolio,1998,0lsq7NTrVmyJDaVbSlyKW4
Jag trodde änglarna fanns,Kamferdrops,2017,3qy7P1Vr6eGIwHP9DCUHwK
Pour Some Sugar On Me,Def Leppard,1987,1aZLIbKEdsyqxyD6iNcrbA
Livin' On A Prayer,Bon Jovi,1986,37ZJ0p5Jm13JPevGcx4SkF
"Blaze Of Glory - From ""Young Guns II"" Soundtrack",Jon Bon Jovi,1990,1sUTfgduT0WIQO8kXKXxLC
Bed Of Roses,Bon Jovi,1992,1zng9uqqXoPkmU05nsAlsw
Welcome To The Jungle,Guns N' Roses,1987,0G21yYKMZoHa30cYVi1iA8
Havet är djupt,Per Myrberg,2009,4t8JKz4JV91CEaIIdKd8oc
Snart är det jag som är kung,Johan Halldén & Mariam Walentin & Anders Aldgård,2003,1SNl6fKe6kYrpU3x7JEbow
Se på mig,Jan Johansen,1995,5E0DPn2m1oAigfof05lKmJ
The Actor,Michael Learns To Rock,1991,7prFpeH9fXA7cL6ZZWLePs
Dreamer,Europe,1984,4DTUNJi8Kavmr2WnUonsN7
Open Your Heart,Europe,1984,4cPE441DlsfXRh57rl1PAX
Cherokee,Europe,1986,6Q5msXoJZe69wBdSH35uTs
Sailing,Rod Stewart,1975,6OuRbvP4PgbuzBIapVzmFJ
Ser du månen där du är ikväll? (Tillsammans igen),Thomas Stenström,2020,4SLYrBfzgbLmiEdoKajyHL
Kom änglar,Lars Winnerbäck,1996,4otzLquDO3IQM8f8pybbfP
Highwayman,The Highwaymen & Willie Nelson & Johnny Cash & Waylon Jennings & Kris Kristofferson,1985,7jWbXvrgdbkajU8L28ahn5
En Livstid I Krig,Sabaton,2012,6gNzfdbahSRSFl1g58H5eR
Now We Are Free,Hans Zimmer & Klaus Badelt & Lisa Gerrard & Gavin Greenaway,2000,11IXRdEjiH0KL8nh4G1j7d
Gustavsberg,Noice,2023,2VvwT5bfUubktij207A8Yx
Roads,Vargas & Lagola,2019,1RfogbkFlkEQQiADmRElN4
Det går bra nu,Magnus Uggla,2020,4nFzAzaNGupJXYtxY0xvMD
Canelloni Macaroni,Nause & Lasse Holm,2025,5Wd7HlidNJxp0sRv2juo3z
Say Na Na Na,Serhat,2019,6knUeQaXhAuF81hMJWWoAu
Dolce Vita - Det Ljuva Livet,Noice,2004,4kNKicmL3nUhubYfK8Ih9C
Utan dina andetag,kent,1997,5eJ314ozT4CTPlyjdsGq78
You Should Probably Leave,Chris Stapleton,2020,2UikqkwBv7aIvlixeVXHWt
Another Love,Tom Odell,2013,3JvKfv6T31zO0ini8iNItO
Kärlekens tunga,Eldkvarn,1988,63YIL7ZnHCEaUfNGlDAew7
En kväll i tunnelbanan,Noice,1979,0ZImQ9rVYDxvUOD7gCIunL
Gold,Spandau Ballet,1983,2X9fsxb6O6bYEopJYmUbNC
Sommarnatt,Snowstorm,1980,2gx7R4S2ElylsA44lD0ubk
Josefin,Albin Lee Meldau,2021,3o1ZHdEdRaMhbGwpwnJTv8
Stad i ljus,Tommy Körberg,1995,7bVwUOySQGO2afJ0LArAMi
Sann romans - Radio Edit,Medina,2012,5sjhujiSRKjANafhB4GLzb
Ett sista glas,Miriam Bryant,2015,1SZDQMXX1FrA97YY7Lt3Fj
This Is My Life - Remastret,Kim Larsen,2015,6lYFOxYfLyIQ7ElWYiE6gl
Mary On A Cross,Ghost,2022,0ch6Jw2wxUnudfmxNMB12U
XRP to the Moon,The Blockchain Anthem,2024,4QIwIP6w0E0CHfaHDvaKBZ
Bedårande barn av sin tid,Noice,1980,3Cx3e9FdZXDe0pNLPixrK3
Campione 2000 - Radio Version,E-Type,2001,78UcxP3Xm0EOXneQUDsStA
"Crockett's Theme - From ""Miami Vice II"" Soundtrack",Jan Hammer,1991,45r7mbXRbpFAYZavAoX6tk
Big in Japan,Alphaville,1984,3BZGi1yUqQyCNC868AqUGG
Romans för timmen,Noice,2004,528fNKgLbUq6wQHnbHfRwK
Cheri Cheri Lady,Modern Talking,1985,2aEuA8PSqLa17Y4hKPj5rr
Stormande hav,Timoteij,2012,1ynG0Ej6hJzKEAQl5ZB4D5
Undo,Sanna Nielsen,2014,1y0Ptl7dOU9sB3ISlJYYpU
Juliette och Jonathan,Lena Philipsson,2011,6b4vE5ynjrRdZrcsFVT0Vv
God's Country,Blake Shelton,2019,4TCeFZNjGNQIpCuZmJkkE2
I'm No Stranger to the Rain,Keith Whitley,1988,0lNLXEMPtGhEpbgwQfo0c1
The Gambler,Kenny Rogers,1978,5KqldkCunQ2rWxruMEtGh0
The Last Cowboy Song,The Highwaymen & Willie Nelson & Johnny Cash & Waylon Jennings & Kris Kristofferson,1985,2zfK1yLW1HzHGbmYx6X9F8
Time In A Bottle,Jim Croce,1972,0JPtzuxDX0HOBspO2Urh5H
Neon Moon,Brooks & Dunn,1991,2M38X60UJnupGPbFTkVPNQ
Girls Just Want to Have Fun,Cyndi Lauper,2014,2zjt2hHBbiv5SuxYg8Z7eP
Never Gonna Give You Up,Rick Astley,1987,4uLU6hMCjMI75M1A2tKUQC
Jump,Van Halen,1984,7N3PAbqfTjSEU1edb2tY8j
Africa,TOTO,1982,2374M0fQpWi3dLnB54qaLX
"Take Me Home, Country Roads - Original Version",John Denver,1971,1YYhDizHx7PnDhAhko6cDS
Ooa Hela Natten,Attack,2009,5NGOLzFlniaPtRYoLfrgWb
The Final Countdown,Europe,1986,6V0PuoOnfCWJuC6fD11YIL
Vill ha dig,Freestyle,1998,1ecJdAizaDklfgCVtEUQsG
Fly Me To The Moon,Frank Sinatra & Count Basie,2008,7FXj7Qg3YorUxdrzvrcY25
Take A Chance On Me,ABBA,1977,5BckPAYcKEJuYs1eV1BHHe
The Rhythm of the Night,Corona,2008,3L9RIFcNF9IDGPRE96EO7N
"My Heart Will Go On - Love Theme from ""Titanic""",Céline Dion,1997,33LC84JgLvK2KuW43MfaNq
You'll Never Walk Alone,Gerry & The Pacemakers,2017,3nxEmpFc1R0kiDrULNkSaf
In the Shadows,The Rasmus,2003,1fr92Vupmcs2vgLMFVQ7rd
Vart jag mig i världen vänder,Den svenska björnstammen,2012,7nLMZKhfkFZLr9rz4VyOpF
KOMMER DU IHÅG?,Hooja,2023,7yfMu3Ez41fQXuD9gUbFjQ
Inget stoppar oss nu,Lucianoz,2023,2CyOfxn9TkmBml8ZNBIcZf
Ingen sommar utan reggae,Markoolio,2007,5YuLlTsWYK9uslUdGM83dJ
Enjoy the Silence,Depeche Mode,1998,6WK9dVrRABMkUXFLNlgWFh
Guld och gröna skogar,Hasse Andersson,2015,6EnNjWkk1YX3fsTXtwO773
"Mama, I'm Coming Home",Ozzy Osbourne,1991,0S3gpZzlT9Hb7CCSV2owX7
Flickan och kråkan,Mikael Wiehe,1981,2hCUmmNEYmmaZYWXONAx7D
In med bollen 2012,Markoolio,2012,6REMRPdAd7TFDujIWVdx4Q
Run to the Hills,Iron Maiden,1982,4Zc7TCHzuNwL0AFBlyLdyr
Lyssna till ditt hjärta,Friends,2001,4BhEDrbVxPgu13SQFwoDCV
En kväll i juni,Lasse Berghagen,2009,56IK5XbzZ8H3m3DtExNku5
Oh Susie,Secret Service,1979,7EFdBb3ao46AI9h9nhzLo1
Pompeii,Bastille,2013,4Ub8UsjWuewQrPhuepfVpd
Free Like an Eagle,Talk Of The Town,1999,08F1DIniNSqNTKuYJ6rehA
Kom hem,Barbados,2000,2VY6Ugb5GUgWfUTpEEx85J
Kom,Timoteij,2010,52iMLtr3V7EenocLKoZZ2X
Go West - Radio Edit,Pet Shop Boys,2010,3gxe9VqDhlgm89plR6ZhTP
Coast to Coast,Europe,1988,3u7QW9l8b6b16WFNwHwGwG
Living in America,The Sounds,2002,5FQ2oC15Omm9sdBZVQTPjw
Monsters,James Blunt,2019,4SykS8RWkF6eK6xeua7XLP
Only One Woman,Alien,1988,23pQgWTFP1QlEvFf3P7KU8
9 to 5,Dolly Parton,1980,4w3tQBXhn5345eUXDGBWZG
Lady,Kenny Rogers,1980,5Pj5zrq2nbKcAekH1AxbrO
"Slå Dig Fri - Från ""Frost""/Svenskt Original Soundtrack",Annika Herlitz,2014,5V2oYvfPrbIFeRRFs3qFQN
Azizam,Ed Sheeran,2025,0sCvjs8IVBhxXVhg7jQemt
Deep Down - From the Film ‘The Abyss’,Molly Hammar,2023,2WceL6NsGULw1kZb3hGR0y
Sommarkatt,Lovet,2025,57AHVmaxTYWoBBB5CFr9Ts
Tusen spänn,Tjuvjakt & Fanny Avonne,2025,01RdEXps15f3VmQMV6OuTM
Svagare än jag,Ida-Lova,2025,5xsHQu1SXYS6DYOJwIWhSC
Lys på mig,Victor Leksell,2025,3kbNesyQPnUreP6bD7aADS
I min bil,Veronica Maggio,2013,0W6ol1CE3oQSkI35ZcsDb6
Trädgården en fredag,Veronica Maggio,2013,1oFoY6INRnHIpHY6ssPxBm
Svart sommar,Veronica Maggio,2016,3ipcu1diTYgtTCO7IBu9os
Level Up,Veronica Maggio,2025,3xFKbv5jsQpjL1LeXS3zr5
Backspegeln - Radio Edit,Veronica Maggio,2025,53RmBRxOJ2DJwiDGiGKCBW
Hur många mil,Victor Leksell,2025,1Vvsi25b3d1FzEnbaCoYLm
Hon dansar vidare i livet,Hov1,2018,1aEU7mcRDTYBB4ASpqbjYE
Förr nu & forever,Hov1,2025,2TOQs76tr9Ua2g4c8SyBEw
I'm Still Standing,Elton John,1983,1jDJFeK9x3OZboIAHsY9k2
California Dreamin' - Single Version,The Mamas & The Papas,1966,4s6LhHAV5SEsOV0lC2tjvJ
Everywhere,Fleetwood Mac,1987,254bXAqt3zP6P50BdQvEsq
Unwritten,Natasha Bedingfield,2004,3U5JVgI2x4rDyHGObzJfNf
Homecoming,Kanye West & Chris Martin,2007,4iz9lGMjU1lXS51oPmUmTe
Stronger,Kanye West,2007,0j2T0R9dR9qdJYsB7ciXhf
Ni**as In Paris,JAŸ-Z & Kanye West,2011,1auxYwYrFRqZP7t3s7w4um
The Real Slim Shady,Eminem,2000,3yfqSUWxFvZELEM4PmlwIR
Can't Tell Me Nothing,Kanye West,2007,0mEdbdeRFQwBhN4xfyIeUM
Run This Town,JAŸ-Z & Rihanna & Kanye West,2009,7LR85XLWw2yXqKBSI5brbG
Mirror,Lil Wayne & Bruno Mars,2011,5hUYsaOyMY32yjRXeuQwGj
Somebody Told Me,The Killers,2004,6PwjJ58I4t7Mae9xfZ9l9v
Bad Blood (Taylor's Version),Taylor Swift,2023,64FzgoLZ3oXu2SriZblHic
Man I Need,Olivia Dean,2025,0mYXRQpTGjaLJt1l9MY4ps
WHERE IS MY HUSBAND!,RAYE,2025,55lijDD6OAjLFFUHU9tcDm
Ghost,Justin Bieber,2021,6I3mqTwhRpn34SLVafSH7G
Hold On,Justin Bieber,2021,6s0YztnuUVeXulcHEHi3Zh
Peaches (feat. Daniel Caesar & Giveon),Justin Bieber & Daniel Caesar & GIVĒON,2021,4iJyoBOLtHqaGxP12qzhQI
Cold Heart - PNAU Remix,Elton John & Dua Lipa & PNAU,2021,6JIC3hbC28JZKZ8AlAqX8h
As It Was,Harry Styles,2022,4Dvkj6JhhA12EX05fT7y2e
Watermelon Sugar,Harry Styles,2019,6UelLqGlWMcVH1E5c4H7lY
THATS WHAT I WANT,Lil Nas X,2021,0e8nrvls4Qqv5Rfa2UhqmO
Running Up That Hill (A Deal With God),Kate Bush,1985,1PtQJZVZIdWIYdARpZRDFO
Flowers,Miley Cyrus,2023,7DSAEUvxU8FajXtRloy8M0
Anti-Hero,Taylor Swift,2022,0V3wPSX9ygBnCm8psDIegu
Made You Look,Meghan Trainor,2022,0QHEIqNKsMoOY5urbzN48u
INDUSTRY BABY (feat. Jack Harlow),Lil Nas X & Jack Harlow,2021,5Z9KJZvQzH6PFmb8SNkxuk
One Kiss (with Dua Lipa),Calvin Harris & Dua Lipa,2024,76dIZzTdrNO15mGBrU3MHi
Am I Wrong,Nico & Vinz,2014,1fidCEsYlaVE3pHwKCvpFZ
good 4 u,Olivia Rodrigo,2021,4ZtFanR9U6ndgddUvNcjcG
drivers license,Olivia Rodrigo,2021,5wANPM4fQCJwkGd4rN57mH
deja vu,Olivia Rodrigo,2021,6HU7h9RYOaPRFeh0R3UeAr
Before You Go,Lewis Capaldi,2019,2gMXnyrvIjhVBUZwvLZDMP
Gimme! Gimme! Gimme! (A Man After Midnight),ABBA,1979,3vkQ5DAB1qQMYO4Mr9zJN6
Rein Me In (with Olivia Dean),Sam Fender & Olivia Dean,2025,7MZHqgTVTnN6xZGYAcEEAf
80's,Moonica Mac,2023,2cGlzTR9gC93lc12cZ8afB
Trophy,Molly Sandén,2025,2JHpFobSp0WktxCod6MEIy
Life is a Highway,Rascal Flatts,2006,5gB2IrxOCX2j9bMnHKP38i
Sit Next to Me,Foster The People,2017,4BdGO1CaObRD4La9l5Zanz
Chocolate,The 1975,2013,4WiiRw2PHMNQE0ad6y6GdD
Don't Cha,The Pussycat Dolls & Busta Rhymes,2005,24kGngQeXHt0uhffKpq0zj
Pon de Replay,Rihanna,2005,6GC6lcKgjCdsdIz5OiCUw5
Maneater,Nelly Furtado,2006,4wH4dJgrsxONID6KS2tDQM
Gubben i lådan,Daniel Adams-Ray,2010,08bjJuoHJwfTnjNcuENOFz
Monsoon,Tokio Hotel,2007,1Bc9ktRpchBN04kCHFT3Lz
25,Oskar Linnros,2010,2I2FmTU2bArpAI8QGThvkA
Millennium 2,Markoolio,1999,17fL6ClQIUET6Xv5Gk14aR
Luckiest Girl,Vinsten,2012,0lVWFHXxyzCBrfusUpAcQc
Release Me,Agnes,2008,4LiJE6pqgsTX3FtukW6bNh
Party In The U.S.A.,Miley Cyrus,2009,3E7dfMvvCLUddWissuqMwr
Somebody To Love,Justin Bieber,2010,4I2GqMe7L2ccMpUbnDzYLH
Popular,Eric Saade,2011,64WR5TPXZZ2wsWYA3enKfK
Mr. Saxobeat - Radio Edit,Alexandra Stan,2011,3LWDPEXEaLBRGNLbdcbwBR
In My Feelings,Drake,2018,2G7V7zsVDxg1yRsu7Ew9RJ
Tippa på tå,Kaliffa,2017,2AlEaDRYdzPMRIpRMUNWMc
My Number One,Helena Paparizou,2005,6LkCvCc9oFoLDv4DLhzTox
Händerna mot himlen,Petra Marklund,2012,14AJI1RloVWTh8bJe9gBPM
Walk Of Life,Dire Straits,1985,5Hk4Mpex0s2ndUpDQ5v2rU
Believe,Cher,1998,2goLsvvODILDzeeiT4dAoR
Hung Up,Madonna,2005,3850dYVgOFIXJh5U4BFEWH
All Star,Smash Mouth,1999,3cfOd4CMv2snFaKAnMdnvK
What Makes You Beautiful,One Direction,2012,4cluDES4hQEUhmXj6TXkSo
No Control,One Direction,2014,4JaLkM90MJutDAl5jD9BZX
Where Do Broken Hearts Go,One Direction,2014,6HFywc5eQYRRYHYTatCb5Y
Mine - POP Mix,Taylor Swift,2010,0OAHsZ8vrS2NKom3cvfJQD
Fireflies,Owl City,2009,3DamFFqW32WihKkTVlwTYQ
LOVERMAN,Mwuana,2020,3b0BAXkGhpFqrd8AuWxPRL
Baby,Justin Bieber & Ludacris,2010,2eJ8ij1T3cNUKiGdcUvKhy
Sunnanvind,Mares,2019,4GK4mydvnsodLEHWb4zJV4
Vi kan gunga,Jimmy Jansson,2005,2BpMTYvXq6jMLSvDbeuvbg
Rockenrollen,Ida-Lova,2026,3AjnXyw1G38KLVOIEiESww
På Boulevarden,Jonathan Johansson,2022,1A6u3ufwPK5apJlpmXjOK8
Empire,Queensrÿche,1990,1ieWJxPOY0C2BTbYxN8JUv
No One Knows,Queens of the Stone Age,2002,6y20BV5L33R8YXM0YuI38N
Cemetery Gates,Pantera,1990,4vJr55lngvhSM8WIh9CjQc
Civilization,Justice,2011,3cn4e9MRXiUmDqTioimYBp
Peace of Mind,Boston,1976,1GqlvSEtMx5xbGptxOTTyk
Sundance Kid,kent,2002,1NSkByLIsEN0gyMco5nGOU
Informer,Snow,1993,2LjiPAQOVazT8sRyXL3XRs
Hard Rock Hallelujah,Lordi,2006,7sZTvm0Sx8umbyQViTE2Qc
Love Is Only a Feeling,The Darkness,2003,1Xiziz94CF3sFctb1udhAm
No One Like You,Scorpions,1982,0hLQWHwB6GZlkASpS7DkdW
Two of Hearts,Stacey Q,1986,2dURQIBrw3XcHyVZlfdpC1
Sleeping In My Car,Roxette,1994,0qCSMOyix8CRew9JVTHnZY
Angels Like You,Miley Cyrus,2020,1daDRI9ahBonbWD8YcxOIB
Tur i oturen,Molly Sandén,2025,3IPruGLIVunYT8VntgpTvT
Electric Love,BØRNS,2015,2GiJYvgVaD2HtM8GqD9EgQ
Angela,Benjamin Ingrosso,2024,0ltWabjFKp4e1qqS93DI2n
Rockstar,Nickelback,2005,05tlUh0E6IFks9sCQguQKN
